{
  "add_ff": {
    "range": [
      1
    ],
    "results": [
      472.5052936226142
    ],
    "stddev": [
      3594.8939360625786
    ]
  },
  "mul_ff": {
    "range": [
      1
    ],
    "results": [
      706.1101849964517
    ],
    "stddev": [
      2362.315028348307
    ]
  },
  "invert": {
    "range": [
      1
    ],
    "results": [
      9591.587878972343
    ],
    "stddev": [
      2905.320590853763
    ]
  },
  "mul_G1": {
    "range": [
      1
    ],
    "results": [
      376182.0368538786
    ],
    "stddev": [
      20814.62934674543
    ]
  },
  "mul_G2": {
    "range": [
      1
    ],
    "results": [
      2832225.5141128087
    ],
    "stddev": [
      127214.77220641683
    ]
  },
  "pairing": {
    "range": [
      1
    ],
    "results": [
      4792720.409713331
    ],
    "stddev": [
      220714.9415225493
    ]
  },
  "add_G1": {
    "range": [
      1
    ],
    "results": [
      3877.4018371729558
    ],
    "stddev": [
      10585.812244854958
    ]
  },
  "add_G2": {
    "range": [
      1
    ],
    "results": [
      8621.753539241323
    ],
    "stddev": [
      3768.571480794419
    ]
  },
  "msm_G1": {
    "range": [
      2,
      4,
      8,
      16,
      32,
      64,
      128,
      256,
      512,
      1024,
      2048,
      4096,
      8192,
      16384,
      32768,
      65536,
      131072,
      262144,
      524288,
      1048576
    ],
    "results": [
      15438704.999784628,
      12414045.219741218,
      12762072.899891064,
      8580391.45752535,
      7876715.812599286,
      9645410.634469813,
      13368874.447371222,
      21138757.039904594,
      33017384.750419296,
      54805264.20008391,
      93328739.9996072,
      165741661.90046817,
      298714255.4996535,
      545753096.0001051,
      1013981585.1999447,
      1880234073.0996802,
      3523378472.199477,
      6952241246.799752,
      13120770516.699926,
      24882434408.500046
    ],
    "stddev": [
      5693164.419471815,
      1444053.8179186662,
      1167559.2939955143,
      2190203.9763276777,
      817847.348110146,
      1459394.164463818,
      1922739.9204883832,
      3008580.8931306796,
      3239773.264865885,
      2488696.5758745694,
      3227954.2568015507,
      4308997.005431685,
      5916967.223067142,
      7979309.217306148,
      11308256.380454132,
      16923074.329669204,
      22677966.737315994,
      43982593.70858553,
      48528293.75073418,
      63002702.06387609
    ]
  },
  "msm_G2": {
    "range": [
      2,
      4,
      8,
      16,
      32,
      64,
      128,
      256,
      512,
      1024,
      2048,
      4096,
      8192,
      16384,
      32768,
      65536,
      131072,
      262144,
      524288,
      1048576
    ],
    "results": [
      17016967.566497624,
      15297587.696970863,
      17635808.89646606,
      14898794.97052992,
      18103291.499894112,
      25758912.95010224,
      40144273.76896716,
      65058359.699882574,
      110641432.00013787,
      192130455.89998364,
      330413532.50015527,
      593188723.3996764,
      1073949179.799482,
      1951185198.6000316,
      3602876506.899856,
      6639651370.500215,
      12509959316.9,
      24154606931.4003,
      44325209529.20001,
      82271483003.5001
    ],
    "stddev": [
      4966407.323851235,
      1293558.2396684277,
      1525995.0599058548,
      1148983.9936060985,
      1254429.2931099266,
      1498870.5178934594,
      1985855.796410841,
      2723657.867226936,
      3600203.265003081,
      5696318.400368807,
      6061676.138433551,
      8129107.133263662,
      11553043.062274043,
      14795331.203505933,
      25047368.517153636,
      39714930.54786301,
      46197359.12454923,
      68052076.98710309,
      90856051.67261028,
      119996107.75774449
    ]
  },
  "fft": {
    "range": [
      2,
      4,
      8,
      16,
      32,
      64,
      128,
      256,
      512,
      1024,
      2048,
      4096,
      8192,
      16384,
      32768,
      65536,
      131072,
      262144,
      524288,
      1048576
    ],
    "results": [
      62764.05296796117,
      64496.62218504371,
      67065.0819455905,
      241154.28834589577,
      226261.33622913476,
      243608.67753929764,
      317796.3964525123,
      476500.1514181495,
      808082.297254769,
      1506060.6295052152,
      3010989.652678906,
      6198176.419753351,
      13535903.108180374,
      27615962.473773643,
      61978463.499993086,
      133141650.00021458,
      282181700.2000287,
      609655129.6999679,
      1282273529.8000276,
      2730551356.800087
    ],
    "stddev": [
      135585.83313341966,
      29733.27761645962,
      17907.570833476668,
      320839.6711775952,
      201223.15693199335,
      51271.721860593054,
      52505.988423940085,
      66706.10952869034,
      93702.68286550327,
      109767.90073946233,
      175219.98569604987,
      312324.6745037948,
      3229371.050712259,
      1236525.0110028046,
      5239879.141010481,
      3932469.320290361,
      7497166.228267138,
      29321177.885373585,
      17941210.2468067,
      29273645.097840246
    ]
  }
}