{
  "add_ff": {
    "range": [
      1
    ],
    "results": [
      281.2482258778596
    ],
    "stddev": [
      1535.2768355988428
    ]
  },
  "mul_ff": {
    "range": [
      1
    ],
    "results": [
      510.28817597173213
    ],
    "stddev": [
      4866.849413131916
    ]
  },
  "invert": {
    "range": [
      1
    ],
    "results": [
      6907.206305540268
    ],
    "stddev": [
      1823.8417583047506
    ]
  },
  "mul_G1": {
    "range": [
      1
    ],
    "results": [
      310602.81120217545
    ],
    "stddev": [
      16268.252165404101
    ]
  },
  "mul_G2": {
    "range": [
      1
    ],
    "results": [
      2444059.3511774773
    ],
    "stddev": [
      109481.15856964397
    ]
  },
  "pairing": {
    "range": [
      1
    ],
    "results": [
      4130873.2458283417
    ],
    "stddev": [
      185901.50623217307
    ]
  },
  "add_G1": {
    "range": [
      1
    ],
    "results": [
      3057.1747052809837
    ],
    "stddev": [
      1854.7615287133647
    ]
  },
  "add_G2": {
    "range": [
      1
    ],
    "results": [
      7417.832112212086
    ],
    "stddev": [
      2459.1450809840426
    ]
  },
  "msm_G1": {
    "range": [
      2,
      4,
      8,
      16,
      32,
      64,
      128,
      256,
      512,
      1024,
      2048,
      4096,
      8192,
      16384,
      32768,
      65536,
      131072,
      262144,
      524288,
      1048576
    ],
    "results": [
      4484342.910665354,
      4329653.517214646,
      4315280.034479781,
      2442943.1699523795,
      1753299.9265509157,
      1582567.1519482909,
      1722825.130543758,
      2246866.080642682,
      3351889.1265739994,
      5035182.070080191,
      6711284.13339456,
      11682169.279256878,
      20064842.96001494,
      38425178.142796665,
      70598077.89996266,
      137280188.29971552,
      244899527.00007707,
      487328777.69991755,
      1024678168.9999626,
      2086226092.099957
    ],
    "stddev": [
      1155281.8497275976,
      936737.2475434192,
      912839.9449558137,
      714803.2954978617,
      535097.904944479,
      509681.11752016575,
      645560.5438167091,
      308443.05921932106,
      324808.7750759423,
      821930.6441862868,
      945387.3114224359,
      1094570.4249578177,
      1067803.4498211832,
      2208344.778205972,
      3592097.6282615964,
      5870894.477917095,
      11096267.925004074,
      27113968.359732546,
      23314419.351728283,
      28334772.67016636
    ]
  },
  "msm_G2": {
    "range": [
      2,
      4,
      8,
      16,
      32,
      64,
      128,
      256,
      512,
      1024,
      2048,
      4096,
      8192,
      16384,
      32768,
      65536,
      131072,
      262144,
      524288,
      1048576
    ],
    "results": [
      5801970.05753202,
      6181204.814739801,
      6156841.927026285,
      3617587.021478324,
      3119991.0496101244,
      3333138.9337013294,
      4253207.2882089075,
      6537900.37660533,
      9917210.627566366,
      15603899.787885673,
      22720426.652337547,
      39825983.53850727,
      67895603.20004821,
      128933787.40027547,
      249819958.5000053,
      480500766.1998272,
      783040106.8001986,
      1768255343.9002483,
      3430971607.399918,
      6783154019.599967
    ],
    "stddev": [
      1120921.2636157237,
      1368111.528439935,
      941174.4083351871,
      658208.9315450046,
      499082.12311465025,
      313158.6529474105,
      330712.6367728245,
      371974.3262022318,
      827208.413200201,
      1286427.9038411994,
      4369671.633963909,
      4281662.525364294,
      2766960.5580898104,
      4964235.891479297,
      11008934.66831909,
      8198788.952551052,
      16036603.585927175,
      18162347.995619014,
      33571040.207997985,
      91391134.2328762
    ]
  },
  "fft": {
    "range": [
      2,
      4,
      8,
      16,
      32,
      64,
      128,
      256,
      512,
      1024,
      2048,
      4096,
      8192,
      16384,
      32768,
      65536,
      131072,
      262144,
      524288,
      1048576
    ],
    "results": [
      35456.124666078125,
      39615.17572927717,
      43171.71033150178,
      94153.45132032472,
      171650.96155043284,
      347870.35325570585,
      687899.4986450729,
      1621830.7960513243,
      1685391.952895155,
      1869256.1865770328,
      1980508.1896778387,
      2333535.4000243335,
      3147611.8869306343,
      5540226.725288308,
      10066971.120126545,
      19794604.192272972,
      39969722.00030891,
      80337500.39990991,
      165205371.19992077,
      345297941.6001588
    ],
    "stddev": [
      40906.93266079286,
      34467.913970988164,
      10374.685593568585,
      25668.887851948002,
      48392.00217061352,
      106666.93536926569,
      164525.2781591488,
      352968.9457038914,
      369704.9112768113,
      668785.2883409066,
      474104.8032803589,
      412991.03142350103,
      472737.37154338055,
      824296.3283559612,
      1021810.0125314435,
      982684.2366456323,
      2208368.2556797084,
      3087177.976180359,
      5146103.048227595,
      7586116.639299498
    ]
  }
}