{
  "add_ff": {
    "range": [
      1
    ],
    "results": [
      405.6105171380779
    ],
    "stddev": [
      2723.089166555213
    ]
  },
  "mul_ff": {
    "range": [
      1
    ],
    "results": [
      648.7479092376901
    ],
    "stddev": [
      1407.4490839862335
    ]
  },
  "invert": {
    "range": [
      1
    ],
    "results": [
      9752.239491303355
    ],
    "stddev": [
      2597.750140887711
    ]
  },
  "mul_G1": {
    "range": [
      1
    ],
    "results": [
      368946.1814096763
    ],
    "stddev": [
      20269.62726296488
    ]
  },
  "mul_G2": {
    "range": [
      1
    ],
    "results": [
      2762648.414367635
    ],
    "stddev": [
      123738.0557158129
    ]
  },
  "pairing": {
    "range": [
      1
    ],
    "results": [
      4661200.092570787
    ],
    "stddev": [
      210431.46557639382
    ]
  },
  "add_G1": {
    "range": [
      1
    ],
    "results": [
      3800.940027757339
    ],
    "stddev": [
      8136.586571743256
    ]
  },
  "add_G2": {
    "range": [
      1
    ],
    "results": [
      8395.292372018857
    ],
    "stddev": [
      2953.449800640288
    ]
  },
  "msm_G1": {
    "range": [
      2,
      4,
      8,
      16,
      32,
      64,
      128,
      256,
      512,
      1024,
      2048,
      4096,
      8192,
      16384,
      32768,
      65536,
      131072,
      262144,
      524288,
      1048576
    ],
    "results": [
      6623424.934296819,
      5954934.3927452965,
      6128303.341476656,
      3471248.179250236,
      2848626.335236159,
      3615770.4102371237,
      4550349.463640966,
      6622590.802805988,
      9367207.536991272,
      15281873.545298973,
      24159844.761625644,
      46614135.00000808,
      83612834.40012485,
      143087110.4001999,
      280298536.5001485,
      500874768.20033044,
      925296749.6003956,
      1923739856.9000883,
      3822807746.4999633,
      6639221749.100089
    ],
    "stddev": [
      1863009.0004858223,
      1149215.3691492148,
      1219903.041109006,
      842131.4439189639,
      698759.2938235246,
      497362.1323621347,
      470554.92300446844,
      491919.59017473727,
      756971.3436484754,
      811428.759528444,
      1129432.3978704438,
      2161616.8933709557,
      3737112.3953573555,
      4117364.422173732,
      6012536.837305456,
      10531593.552041886,
      21584993.663064685,
      25170997.826086305,
      36780910.91692154,
      55062943.18999626
    ]
  },
  "msm_G2": {
    "range": [
      2,
      4,
      8,
      16,
      32,
      64,
      128,
      256,
      512,
      1024,
      2048,
      4096,
      8192,
      16384,
      32768,
      65536,
      131072,
      262144,
      524288,
      1048576
    ],
    "results": [
      8199602.786665323,
      8135127.61290035,
      8690369.275976615,
      5805313.0804850105,
      6923868.780777062,
      8851826.105299488,
      11951007.452172538,
      18860303.777649444,
      31156477.17641995,
      53675558.7996915,
      89898339.29967135,
      165986619.8003292,
      305924303.6998436,
      505094787.59970516,
      971261352.5997847,
      1776371972.999908,
      3352084353.9999795,
      6763888879.300096,
      13266683506.100065,
      21535233076.200073
    ],
    "stddev": [
      1555771.055231058,
      1147139.6433959536,
      2138634.9060315895,
      787083.3911464189,
      578769.6676858723,
      662540.7201205808,
      763638.7463774747,
      939878.27123781,
      1401526.654916097,
      2447924.48031289,
      8173116.251476502,
      4362926.406060538,
      9604811.18976913,
      7853651.855215244,
      14725657.665438412,
      18894808.730076306,
      25260247.420507886,
      39167557.22173142,
      68148018.3688115,
      66235460.9602552
    ]
  },
  "fft": {
    "range": [
      2,
      4,
      8,
      16,
      32,
      64,
      128,
      256,
      512,
      1024,
      2048,
      4096,
      8192,
      16384,
      32768,
      65536,
      131072,
      262144,
      524288,
      1048576
    ],
    "results": [
      47655.75285077811,
      50526.54648582897,
      55191.61799708771,
      134431.71046323754,
      259425.49481215072,
      578628.3433415814,
      587256.6455411135,
      635678.7433140122,
      804403.3151185829,
      1073174.0965919625,
      1727677.6827614882,
      2846213.67612007,
      5407040.096819401,
      11146121.044415567,
      23240943.95458021,
      48788308.45450813,
      102654636.59986854,
      200403330.80030978,
      430786893.50001514,
      898815454.4999822
    ],
    "stddev": [
      21756.244216224797,
      13982.915097716585,
      15059.607674034309,
      42679.18760783582,
      71760.9073447006,
      145914.66136068228,
      127414.35888453692,
      124306.10348143721,
      124358.94937063388,
      104529.00774102537,
      934392.4068062638,
      186800.4276753156,
      293458.57456684596,
      1126895.565737146,
      2824047.4521281933,
      2982638.772700125,
      4651775.232198801,
      6488410.921938574,
      9785401.360872619,
      12198731.631292786
    ]
  }
}