{
  "add_ff": {
    "range": [
      1
    ],
    "results": [
      601.9274126802553
    ],
    "stddev": [
      9744.885922049443
    ]
  },
  "mul_ff": {
    "range": [
      1
    ],
    "results": [
      626.6667118940253
    ],
    "stddev": [
      676.7518630061672
    ]
  },
  "invert": {
    "range": [
      1
    ],
    "results": [
      9800.212340329392
    ],
    "stddev": [
      2962.3804896883726
    ]
  },
  "mul_G1": {
    "range": [
      1
    ],
    "results": [
      1031693.7896509452
    ],
    "stddev": [
      46609.03368154839
    ]
  },
  "mul_G2": {
    "range": [
      1
    ],
    "results": [
      7111245.859335636
    ],
    "stddev": [
      318132.0316040648
    ]
  },
  "pairing": {
    "range": [
      1
    ],
    "results": [
      5635130.314637771
    ],
    "stddev": [
      259399.86534805654
    ]
  },
  "add_G1": {
    "range": [
      1
    ],
    "results": [
      5622.915218081031
    ],
    "stddev": [
      9002.907810236766
    ]
  },
  "add_G2": {
    "range": [
      1
    ],
    "results": [
      14229.57460233761
    ],
    "stddev": [
      21227.70563450909
    ]
  },
  "msm_G1": {
    "range": [
      2,
      4,
      8,
      16,
      32,
      64,
      128,
      256,
      512,
      1024,
      2048,
      4096,
      8192,
      16384,
      32768,
      65536,
      131072,
      262144,
      524288,
      1048576
    ],
    "results": [
      15798959.625069983,
      13356998.13151242,
      14308382.656957421,
      10461513.89592948,
      11813131.860392386,
      15715158.156177495,
      22932219.318283554,
      37387327.21430382,
      61063051.40014738,
      105985284.19975191,
      182052708.30038935,
      325457877.70021707,
      586301275.0998139,
      1080204817.2999172,
      1987043973.799795,
      3651373248.1997457,
      6817043045.100011,
      13192794413.099997,
      24656709577.300026,
      45976016128.60001
    ],
    "stddev": [
      7059877.634220208,
      2482457.831072978,
      1745057.1954172435,
      1525709.4363709525,
      1504993.8278809222,
      1772544.7372297342,
      1091603.8896824108,
      2267921.6780052246,
      2623247.578794817,
      4251850.333331731,
      5009012.753476134,
      6036071.7642044695,
      8182823.996189507,
      11133999.724165775,
      15171670.686418215,
      21251473.914818563,
      39843522.059885025,
      94959649.44729161,
      86949975.21692972,
      111192962.63088804
    ]
  },
  "msm_G2": {
    "range": [
      2,
      4,
      8,
      16,
      32,
      64,
      128,
      256,
      512,
      1024,
      2048,
      4096,
      8192,
      16384,
      32768,
      65536,
      131072,
      262144,
      524288,
      1048576
    ],
    "results": [
      18869685.111153457,
      18189985.999970563,
      21927871.695760153,
      22258862.173751645,
      29495748.705723707,
      44181432.3333092,
      70351455.30011505,
      116881880.90007752,
      199454696.1998567,
      346325803.59987915,
      598631357.6996326,
      1084159837.3001442,
      1953450050.8001075,
      3561931674.499996,
      6560856595.199928,
      12042869862.100294,
      22663733492.89987,
      43363560221.80021,
      78800462080.69977,
      146650864546.90024
    ],
    "stddev": [
      3368621.2308136644,
      1134464.1616611087,
      1589745.6271296637,
      1534738.1425992455,
      1856468.0087108198,
      2230424.5903893346,
      2802217.612846962,
      3752113.0150588932,
      4919407.5796085745,
      8035440.877017205,
      8199036.649633811,
      11359762.596319327,
      25342946.299996044,
      20282523.051396217,
      29057046.564117927,
      42867394.79637321,
      85184473.89862484,
      91289029.50369212,
      118749416.48056577,
      189324639.94031626
    ]
  },
  "fft": {
    "range": [
      2,
      4,
      8,
      16,
      32,
      64,
      128,
      256,
      512,
      1024,
      2048,
      4096,
      8192,
      16384,
      32768,
      65536,
      131072,
      262144,
      524288,
      1048576
    ],
    "results": [
      62964.79045648581,
      61677.50042775078,
      66829.61867075136,
      202121.87630138695,
      205467.260046269,
      247809.89295320274,
      318204.19085456134,
      478950.4339254793,
      820285.7361220922,
      1513722.8700543367,
      3028080.2469274187,
      6239065.28390944,
      13034029.538337236,
      27783878.277780283,
      64193215.399980545,
      133777298.60022663,
      279413790.0000438,
      596417004.5003295,
      1265264555.6002855,
      2698364853.8997393
    ],
    "stddev": [
      124301.36620292666,
      16701.68181058825,
      17807.616247596827,
      150671.27696510946,
      142839.76733713364,
      51827.883893576094,
      50556.05044250951,
      63472.27878274947,
      192983.0063431712,
      110410.3243655772,
      176476.6230351491,
      314442.82524848025,
      603999.7682277195,
      1282155.8122396504,
      7355397.350847027,
      3855578.6229443047,
      5686140.313974399,
      8278430.52481651,
      12710755.435571969,
      19142325.941992868
    ]
  }
}