{
  "add_ff": {
    "range": [
      1
    ],
    "results": [
      413.0087111767172
    ],
    "stddev": [
      1262.7735866516914
    ]
  },
  "mul_ff": {
    "range": [
      1
    ],
    "results": [
      493.521508011852
    ],
    "stddev": [
      847.2972832755737
    ]
  },
  "invert": {
    "range": [
      1
    ],
    "results": [
      6544.235853188593
    ],
    "stddev": [
      1195.710255404255
    ]
  },
  "mul_G1": {
    "range": [
      1
    ],
    "results": [
      889202.9005253346
    ],
    "stddev": [
      40018.621988102415
    ]
  },
  "mul_G2": {
    "range": [
      1
    ],
    "results": [
      6137143.39018504
    ],
    "stddev": [
      274995.32977781235
    ]
  },
  "pairing": {
    "range": [
      1
    ],
    "results": [
      4884516.737794558
    ],
    "stddev": [
      218763.80746375723
    ]
  },
  "add_G1": {
    "range": [
      1
    ],
    "results": [
      4979.348322151696
    ],
    "stddev": [
      49950.13256366555
    ]
  },
  "add_G2": {
    "range": [
      1
    ],
    "results": [
      11575.68308544947
    ],
    "stddev": [
      1703.680457911024
    ]
  },
  "msm_G1": {
    "range": [
      2,
      4,
      8,
      16,
      32,
      64,
      128,
      256,
      512,
      1024,
      2048,
      4096,
      8192,
      16384,
      32768,
      65536,
      131072,
      262144,
      524288,
      1048576
    ],
    "results": [
      4871165.252408212,
      5055132.343443205,
      5181166.247512722,
      2951264.841164298,
      2318892.4861261277,
      2230884.7688138485,
      2675923.8983977605,
      3840160.396931167,
      5542110.966886956,
      8861633.859378727,
      12763428.22513543,
      22182872.17390278,
      39760344.76937582,
      74361376.90003961,
      138161993.89994144,
      264270667.09976646,
      461792891.9000551,
      899290091.8001308,
      1889074329.3000386,
      3603178656.099923
    ],
    "stddev": [
      1229143.7521431632,
      1113363.9320161287,
      1109492.299407203,
      624480.7166695732,
      507851.834458207,
      445762.7318903329,
      305489.5780575419,
      351054.97438142827,
      392425.3316283008,
      596761.2552129559,
      2078627.7513373666,
      1561194.5331415695,
      2060900.319062447,
      3177034.71199994,
      8405073.903847903,
      9125859.683219302,
      12395570.95797308,
      28849569.09688641,
      33865615.149537705,
      51317024.719632015
    ]
  },
  "msm_G2": {
    "range": [
      2,
      4,
      8,
      16,
      32,
      64,
      128,
      256,
      512,
      1024,
      2048,
      4096,
      8192,
      16384,
      32768,
      65536,
      131072,
      262144,
      524288,
      1048576
    ],
    "results": [
      6919111.013616601,
      7648075.727379006,
      7879719.140502857,
      4876288.543826023,
      4489589.678506101,
      4974057.435602097,
      6803898.702677642,
      10841218.36178956,
      16692960.266768932,
      27799862.83317622,
      35226584.266498685,
      67562418.10042411,
      122369196.99944556,
      232429148.19996804,
      453606757.9003051,
      855319619.1001683,
      1422463179.0999324,
      3076363125.400245,
      6030323765.09998,
      11678591023.500078
    ],
    "stddev": [
      813288.3510359915,
      1276689.9025467231,
      811406.7051617793,
      558310.0331044897,
      440388.2330779227,
      404398.9602988502,
      399835.19091223064,
      769580.6431409993,
      1312794.8194610556,
      2358544.985138398,
      2433195.5575404703,
      2852152.663673698,
      3739188.54387519,
      7144423.900828688,
      11209142.524591858,
      12238922.653610364,
      16207392.981180958,
      28139464.890992932,
      56642793.46675663,
      92909660.52627599
    ]
  },
  "fft": {
    "range": [
      2,
      4,
      8,
      16,
      32,
      64,
      128,
      256,
      512,
      1024,
      2048,
      4096,
      8192,
      16384,
      32768,
      65536,
      131072,
      262144,
      524288,
      1048576
    ],
    "results": [
      35301.10158468077,
      39186.57985831199,
      43088.18363420463,
      94100.9254793829,
      170145.84891617237,
      346356.87395001546,
      719787.359741523,
      1733496.0034007537,
      1873390.6629268595,
      1819519.4580812347,
      1998330.2749307507,
      2370359.6209003744,
      3457704.144857567,
      5232477.156173748,
      8973562.23215216,
      19356518.922946773,
      40254596.923119746,
      79848992.4998954,
      160524572.69970328,
      345684535.19959
    ],
    "stddev": [
      12455.093352894111,
      9665.864667887587,
      9583.213918162164,
      23854.3134770098,
      46306.21222877138,
      82584.0714493773,
      163220.1392018548,
      328356.5454382604,
      870124.5055943256,
      367731.33931530546,
      449574.71987491194,
      427854.44589838875,
      572880.9780255181,
      486553.89729073,
      506761.36393932,
      1025933.121564248,
      2024892.3203997968,
      3084858.760507699,
      4498587.497957358,
      7635050.953230909
    ]
  }
}