{
  "add_ff": {
    "range": [
      1
    ],
    "results": [
      568.0761594689485
    ],
    "stddev": [
      1981.950109999323
    ]
  },
  "mul_ff": {
    "range": [
      1
    ],
    "results": [
      642.115396557169
    ],
    "stddev": [
      1413.6216754486302
    ]
  },
  "invert": {
    "range": [
      1
    ],
    "results": [
      9591.216214984737
    ],
    "stddev": [
      2600.136534149427
    ]
  },
  "mul_G1": {
    "range": [
      1
    ],
    "results": [
      1028316.6652342621
    ],
    "stddev": [
      46401.94360665666
    ]
  },
  "mul_G2": {
    "range": [
      1
    ],
    "results": [
      7205844.957168613
    ],
    "stddev": [
      322737.9902153779
    ]
  },
  "pairing": {
    "range": [
      1
    ],
    "results": [
      5655886.089952474
    ],
    "stddev": [
      253453.27795132378
    ]
  },
  "add_G1": {
    "range": [
      1
    ],
    "results": [
      5856.283799758548
    ],
    "stddev": [
      10764.286782934101
    ]
  },
  "add_G2": {
    "range": [
      1
    ],
    "results": [
      13961.038702218175
    ],
    "stddev": [
      18516.203020479323
    ]
  },
  "msm_G1": {
    "range": [
      2,
      4,
      8,
      16,
      32,
      64,
      128,
      256,
      512,
      1024,
      2048,
      4096,
      8192,
      16384,
      32768,
      65536,
      131072,
      262144,
      524288,
      1048576
    ],
    "results": [
      7498957.925490034,
      6979363.458308701,
      7078907.225333469,
      4325677.7412547115,
      4512691.107179437,
      5463418.793621594,
      7740046.061546757,
      10669373.127493136,
      17391834.896443218,
      29134056.44417637,
      46378112.454306,
      90563185.80005318,
      162898207.099922,
      274221729.6998948,
      540293417.7001938,
      960575047.100149,
      1760842416.4000897,
      3629491063.3001475,
      7202225293.700397,
      12079187802.199833
    ],
    "stddev": [
      2581035.0774542433,
      1669204.1507563756,
      1572581.2156820493,
      902725.3224365257,
      613986.5821741883,
      630575.0102692518,
      554998.5664658324,
      855812.0824246806,
      977190.1440546279,
      1398878.1226503453,
      2214844.027171229,
      3172465.2578112325,
      8075157.946672902,
      5548756.466887634,
      9796974.714678917,
      17822640.257860914,
      25984806.54438495,
      37969155.80458093,
      42097806.13167439,
      67657242.75278434
    ]
  },
  "msm_G2": {
    "range": [
      2,
      4,
      8,
      16,
      32,
      64,
      128,
      256,
      512,
      1024,
      2048,
      4096,
      8192,
      16384,
      32768,
      65536,
      131072,
      262144,
      524288,
      1048576
    ],
    "results": [
      9674944.903844824,
      9856868.901929142,
      10921716.935972266,
      9116560.345481742,
      10288594.816336218,
      13471014.500154477,
      20198571.55971229,
      33173394.187469967,
      55398594.69998628,
      94559152.59998292,
      153690339.499712,
      296343165.90037197,
      535478263.299726,
      904261352.599971,
      1720424555.0997555,
      3113703762.300499,
      5897975722.100399,
      11799012714.30012,
      23339169630.699978,
      37489935747.89967
    ],
    "stddev": [
      1161908.4453344338,
      1074395.8775691134,
      2715589.1486775097,
      638061.1369838621,
      751502.6227204425,
      837552.6608111023,
      933792.3892403921,
      1713860.419892367,
      2478673.491670284,
      3242897.944285968,
      7545885.228049781,
      6860593.1650182,
      9997791.874053327,
      10152014.933095986,
      21667807.438634336,
      20546396.180566214,
      45591534.02840017,
      60409297.00237746,
      61347118.69094055,
      94824257.48192011
    ]
  },
  "fft": {
    "range": [
      2,
      4,
      8,
      16,
      32,
      64,
      128,
      256,
      512,
      1024,
      2048,
      4096,
      8192,
      16384,
      32768,
      65536,
      131072,
      262144,
      524288,
      1048576
    ],
    "results": [
      47776.93118723513,
      51003.076587714364,
      55865.95643436609,
      127176.86268232862,
      265101.13091654703,
      574566.1917701791,
      586346.5555973027,
      697501.1685084873,
      787103.8931181784,
      1092540.087292223,
      1617763.158042104,
      2945323.464734589,
      5466600.782622623,
      10930187.369656304,
      23327097.63630886,
      48941547.545689076,
      99180851.30024701,
      196993437.59976327,
      411825704.2001933,
      873443846.2996856
    ],
    "stddev": [
      20613.898591234723,
      14635.034054779779,
      14474.18283755531,
      36136.36077864851,
      68564.56930311346,
      195212.6220750952,
      199236.9620271831,
      127776.26723972976,
      132977.2182716319,
      113167.16022281696,
      137223.70968221314,
      1645563.8304063887,
      297257.8412008306,
      1156865.6846747901,
      2275403.911184661,
      3684789.529546318,
      4038792.8427770883,
      5024477.228790304,
      8704523.48558113,
      13802967.579553215
    ]
  }
}